{
"display": {
  "name": {
    "translate": "Phantom"
  },
  "description": {
    "translate": "Phantom Physiology"
  },
  "icon": {
    "texture": "fiskheroes:textures/gui/nodes/regeneration2.png"
  }
},
"requirements": [ ],
"price": {
  "IRID_GOLD": 2,
  "XP_LEVELS": 10
},
"criteria": {
  "tier": {
    "trigger": "fiskheroes:suit_tier",
    "description": {
      "translate": "node.fiskheroes.tier2_3.tier.desc"
    },
    "condition": {
      "variables": {
        "max": "MAX_TIER_UNLOCKED"
      },
      "check": "max >= 1"
    }
  }
}
}
