{
  "name": "Advanced Tech",
  "modifiers": {
    "fiskheroes:charged_beam": {
      "damageProfile": {
        "damage": 6.5,
        "types": {
          "ENERGY": 1.0
        },
        "properties": {
          "COOK_ENTITY": true,
          "HEAT_TRANSFER": 20
        }
      },
      "chargeTime": 20,
      "duration": 40,
      "cooldownTime": 40,
      "range": 45.0,
      "radius": 0.1
    },
    "fiskheroes:repulsor_blast": {
      "damageProfile": {
        "damage": 7.0,
        "types": {
          "ENERGY": 1.0
        }
      },
      "isExplosive": false,
      "range": 32.0,
      "cooldownTime": 15,
      "soundEvents": {
        "SHOOT": "fiskheroes:mk50_cannon_shoot"
      }
    },
    "fiskheroes:slow_motion": {},
    "fiskheroes:regeneration": {
      "factor": 2,
      "delay": 600
    },
    "fiskheroes:shield": {
      "shield": {
        "health": 125.0,
        "regeneration": 12.0,
        "recoveryDelay": 150,
        "cooldown": 270
      },
      "coverage": {
        "yawRadius": 180.0,
        "pitchRadius": 180.0,
        "yawOffset": 0.0,
        "pitchOffset": 0.0
      },
      "knockback": 0.0,
      "isToggle": false,
      "soundEvents": {
        "BLOCK_START": "fiskheroes:anti_forcefield",
        "DEFLECT": "fiskheroes:anti_forcefield_deflect"
      }
    },
    "fiskheroes:controlled_flight": {
      "speed": 0.07,
      "boostSpeed": 0.16,
      "canBoost": true,
      "canRoll": true,
      "diveSpeedRetention": 0.5,
      "collision": {
        "blocks": {
          "stopFlying": false,
          "takeDamage": true
        },
        "entities": {
          "stopFlying": true,
          "dealDamage": true
        }
      },
      "knockback": 0.7
    },
    "fiskheroes:tentacles": {
      "tentacles": [
        [-0.7, 0, 0.4]
      ]
    },
    "fiskheroes:teleportation": {
      "canReachMoon": true,
      "range": 1
    },
    "fiskheroes:healing_factor": {
      "delay": 150
    },
    "fiskheroes:transformation|recall": {
      "key": "Func_SAVE",
      "transformation": {
        "toggleData": "shp:dyn/recall",
        "timerData": "shp:dyn/recall_timer",
        "time": 50
      },
      "soundEvents": {
        "ENABLE": "shp:compbeep_1"
      }
    },
    "fiskheroes:transformation|recall_load": {
      "key": "Func_LOAD",
      "transformation": {
        "toggleData": "shp:dyn/recall_load",
        "timerData": "shp:dyn/recall_load_timer",
        "time": 50
      },
      "soundEvents": {
        "ENABLE": ["shp:compbeep_2", "shp:rewind_tp", "shp:time_travel_back"]
      }
    },
    "fiskheroes:cooldown|recall_cooldown": {
      "cooldown": {
        "toggleData": "shp:dyn/recall_cooldown",
        "cooldownData": "shp:dyn/recall_cooldown_timer",
        "duration": 600,
        "recovery": 12000
      }
    }
  },
  "hud": [{
      "type": "CIRCLE",
      "color": "0xFFD700",
      "data": "fiskheroes:beam_charge"
    }, {
      "type": "CHARGE",
      "texture": "shp:textures/gui/bars/time_bar.png",
      "data": "shp:dyn/recall_cooldown_timer"
    }
  ]
}
