{
  "name": "Egyptian Empowerment",
  "modifiers": {
    "fiskheroes:fire_immunity": {},
    "fiskheroes:projectile_immunity": {},
    "fiskheroes:leaping": {
      "leapAmount": [1.6, 0.4]
    },
    "fiskheroes:arrow_catching": {},
    "fiskheroes:super_speed": {
      "canUseTreadmill": false,
      "soundEvents": {
        "MOVE": ["fiskheroes:super_speed_move_loop_shazam_dceu", "fiskheroes:super_speed_move_loop_cape"],
        "SPRINT": "fiskheroes:super_speed_sprint_shazam_dceu"
      }
    },
    "fiskheroes:lightning_cast": {
      "damageProfile": {
        "damage": 11.0,
        "types": {
          "ELECTRICITY": 1.0,
          "MAGIC": 1.0
        },
        "properties": {
          "COOK_ENTITY": true,
          "LIGHTNING_STRIKE": 0.2
        }
      },
      "range": 52.0,
      "chainRadius": 3,
      "cooldownTime": 18,
      "soundEvents": {
        "SHOOT": "fiskheroes:lightning_cast"
      }
    },
    "fiskheroes:eternium_weakness": {
      "radius": 3.0,
      "duration": 120
    },
    "fiskheroes:damage_weakness": {
      "damageType": "ETERNIUM",
      "factor": 2.0
    },
    "fiskheroes:energy_projection": {
      "damageProfile": {
        "damage": 10.0,
        "types": {
          "ELECTRICITY": 1.0,
          "MAGIC": 1.0
        },
        "properties": {
          "COOK_ENTITY": true,
          "LIGHTNING_STRIKE": 0.15
        }
      },
      "range": 45.0,
      "radius": 0.1,
      "soundEvents": {
        "SHOOT": "shp:lighting_beam_start",
        "BEAM_AMBIENT": "shp:lighting_beam_loop"
      }
    },
    "fiskheroes:controlled_flight": {
      "speed": 0.15,
      "boostSpeed": 0.3,
      "canBoost": true,
      "collision": {
        "blocks": {
          "stopFlying": false,
          "takeDamage": false
        },
        "entities": {
          "stopFlying": false,
          "dealDamage": true
        }
      },
      "knockback": 0.7,
      "soundEvents": {
        "ENABLE": ["fiskheroes:flight_loop", "fiskheroes:flight_cape_loop"],
        "BOOST": ["fiskheroes:flight_boost", "fiskheroes:flight_boost_super"],
        "IMPACT_ENTITY": "fiskheroes:flight_impact_entity"
      }
    }
  }
}
