{
  "name": "power.fiskheroes.manta_armor.name",
  "modifiers": {
    "fiskheroes:charged_beam": {
      "damageProfile": {
        "damage": 7.0,
        "types": {
          "ENERGY": 1.0,
          "FIRE": 0.5
        },
        "properties": {
          "COOK_ENTITY": true,
          "HEAT_TRANSFER": 20
        }
      },
      "chargeTime": 20,
      "duration": 40,
      "cooldownTime": 40,
      "range": 32.0,
      "radius": 0.4,
      "soundEvents": {
        "SHOOT": "fiskheroes:manta_beam_start",
        "SHOOT_STOP": "fiskheroes:manta_beam_stop",
        "BEAM_AMBIENT": "fiskheroes:manta_beam_loop",
        "CHARGE": "fiskheroes:manta_beam_charge"
      }
    },
    "fiskheroes:controlled_flight": {
      "speed": 0.05,
      "boostSpeed": 0.15,
      "canBoost": true,
      "collision": {
        "blocks": {
          "stopFlying": false,
          "takeDamage": true
        },
        "entities": {
          "stopFlying": true,
          "dealDamage": true
        }
      },
      "knockback": 1.5,
      "soundEvents": {
        "ENABLE": ["fiskheroes:manta_flight_enable", "fiskheroes:manta_flight_loop"],
        "BOOST": "fiskheroes:manta_boost"
      }
    },
    "fiskheroes:projectile_immunity": {
    },
    "fiskheroes:blade": {
      "soundEvents": {
        "ENABLE": "fiskheroes:agent_liberty_blade_enable",
        "DISABLE": "fiskheroes:agent_liberty_blade_disable"
      }
    },
    "fiskheroes:water_breathing": {
    }
  },
  "hud": [
    {
      "type": "CIRCLE",
      "color": "fiskheroes:charged_beam",
      "data": "fiskheroes:beam_charge"
    }
  ]
}
