{
  "name": "Nanite Suit",
  "modifiers": {
    "fiskheroes:web_swinging": {
      "cooldownTime": 5,
      "soundEvents": {
        "ENABLE": "fiskheroes:web_swinging_enable",
        "DISABLE": "fiskheroes:web_swinging_disable",
        "SHOOT": "fiskheroes:web_shoot",
        "RELEASE": "fiskheroes:web_swinging_whoosh",
        "SWING": ["fiskheroes:web_swinging", "fiskheroes:web_stress_loop"]
      }
    },
    "fiskheroes:shape_shifting": {},
    "fiskheroes:invisibility": {},
    "fiskheroes:web_zip": {
      "range": 48.0,
      "cooldownTime": 20,
      "soundEvents": {
        "SHOOT": "fiskheroes:web_zip"
      }
    },
    "fiskheroes:equipment": {
      "equipment": {
        "fiskheroes:sticky_web": {
          "cooldown": 13,
          "uses": 8,
          "dissolveTime": 120,
          "soundEvents": {
            "USE": "fiskheroes:web_shoot"
          }
        },
        "fiskheroes:impact_web": {
          "cooldown": 13,
          "uses": 4,
          "damageProfile": {
            "damage": 5.0,
            "types": {
              "BLUNT": 1.0,
              "SOUND": 1.0
            },
            "properties": {
              "DAMAGE_DROPOFF": 0.4,
              "HIT_COOLDOWN": 0
            }
          },
          "soundEvents": {
            "USE": "fiskheroes:web_shoot"
          }
        },
        "fiskheroes:rapid_webs": {
          "cooldown": 30,
          "uses": 1,
          "quantity": 5,
          "damageProfile": {
            "damage": 4.0,
            "types": {
              "BLUNT": 1.0,
              "SOUND": 1.0
            },
            "properties": {
              "REDUCE_KNOCKBACK": 0.5,
              "DAMAGE_DROPOFF": 0.2,
              "HIT_COOLDOWN": 0
            }
          },
          "soundEvents": {
            "SHOOT": "fiskheroes:web_shoot"
          }
        },
        "fiskheroes:ricochet_web": {
          "cooldown": 13,
          "uses": 4,
          "damageProfile": {
            "damage": 5.0,
            "types": {
              "BLUNT": 1.0,
              "SOUND": 1.0
            },
            "properties": {
              "DAMAGE_DROPOFF": 0.4,
              "HIT_COOLDOWN": 0
            }
          },
          "soundEvents": {
            "USE": "fiskheroes:web_shoot"
          }
        }
      },
      "soundEvents": {
        "SWITCH": "fiskheroes:web_switch"
      }
    },
    "fiskheroes:metal_skin": {},
    "fiskheroes:fire_immunity": {},
    "fiskheroes:transformation|transformation": {
      "key": "NANITE_TRANSFORM",
      "transformation": {
        "toggleData": "fiskheroes:dyn/nanites",
        "timerData": "fiskheroes:dyn/nanite_timer",
        "time": 20
      }
    },
    "fiskheroes:repulsor_blast": {
      "damageProfile": {
        "damage": 12.0,
        "types": {
          "ENERGY": 1.0
        },
        "properties": {
          "ADD_KNOCKBACK": 1.0,
          "HIT_COOLDOWN": 0.0
        }
      },
      "range": 48.0,
      "speed": 20.0,
      "spread": 0.0,
      "radius": 0.1,
      "cooldownTime": 30,
      "soundEvents": {
        "SHOOT": "fiskheroes:web_zip"
      }
    },
    "fiskheroes:shield": {
      "isToggle": false,
      "shield": {
        "health": 80.0,
        "regeneration": 15.0,
        "recoveryDelay": 60,
        "cooldown": 60
      },
      "coverage": {
        "yawRadius": 35.0,
        "pitchRadius": 60.0,
        "yawOffset": 0.0,
        "pitchOffset": 0.0
      },
      "knockback": 0.2,
      "soundEvents": {
        "ENABLE": "fiskheroes:web_swinging",
        "DISABLE": "fiskheroes:web_swinging",
        "BLOCK_START": "fiskheroes:web_swinging",
        "BLOCK_STOP": "fiskheroes:web_swinging",
        "DEFLECT": "fiskheroes:web_zip"
      }
    },
    "fiskheroes:transformation|shield_charge": {
      "key": "SHIELD_CHARGE",
      "transformation": {
        "toggleData": "shp:dyn/boolean_reset",
        "timerData": "shp:dyn/float_interp_reset",
        "time": 40
      },
      "isToggle": false
    },
    "fiskheroes:charged_beam": {
      "damageProfile": {
        "damage": 1.0,
        "types": {
          "SOUND": 1.0
        },
        "properties": {
          "REDUCE_KNOCKBACK": 2
        }
      },
      "chargeTime": 0,
      "duration": 300,
      "cooldownTime": 80,
      "range": 35.0,
      "radius": 1000,
      "isToggle": true,
      "soundEvents": {
        "BEAM_AMBIENT": "fiskheroes:antimatter_blast_loop"
      }
    },
    "fiskheroes:tentacles": {
      "tentacles": [
        [0, 0, 0]
      ],
      "range": 5.0,
      "soundEvents": {
        "GRAB_START": "fiskheroes:ock_grab"
      }
    }
  },
  "hud": [{
      "type": "PROGRESS",
      "texture": "fiskheroes:textures/gui/bars/steel_transformation.png",
      "data": "shp:dyn/invisible_cooldown"
    }
  ]
}
