{
  "name": "Ocular Portals",
  "modifiers": {
    "fiskheroes:charged_beam": {
      "damageProfile": {
        "damage": 7.5,
        "types": {
          "ENERGY": 1.0,
          "FIRE": 0.5
        },
        "properties": {
          "COOK_ENTITY": true,
          "HEAT_TRANSFER": 20
        }
      },
      "chargeTime": 20,
      "duration": 40,
      "cooldownTime": 40,
      "range": 45.0,
      "radius": 0.1
    },
  "fiskheroes:damage_immunity|energy": {
    "damageType": "ENERGY"
  },
    "fiskheroes:heat_vision": {
        "damageProfile": {
            "damage": 12.0,
            "types": {
                "ENERGY": 1.5,
                "FIRE": 1.0
            },
            "properties": {
                "COOK_ENTITY": true,
                "HEAT_TRANSFER": 40
            }
        },
        "range": 60.0,
        "radius": 0.2
    }
  },
  "hud": [{
      "type": "CIRCLE",
      "color": "0xff0305",
      "data": "fiskheroes:beam_charge"
    }
  ]
}
