{
  "name": "Omega-1 Nanite",
  "modifiers": {
    "fiskheroes:transformation|blade_toggle": {
      "key": "BUILD_BLADE",
      "transformation": {
        "toggleData": "shp:dyn/gex_rex_blade",
        "timerData": "shp:dyn/gex_rex_blade_timer",
        "time": 10
      },
      "soundEvents": {
        "ENABLE": "fiskheroes:agent_liberty_blade_enable",
        "DISABLE": "fiskheroes:agent_liberty_blade_disable"
      }
    },
    "fiskheroes:transformation|charged_jump_toggle": {
      "key": "BUILD_PUNK_BUSTERS",
      "transformation": {
        "toggleData": "shp:dyn/gex_rex_charged_jump",
        "timerData": "shp:dyn/gex_rex_charged_jump_timer",
        "time": 10
      }
    },
    "fiskheroes:transformation|smack_hands_toggle": {
      "key": "BUILD_SMACK_HANDS",
      "transformation": {
        "toggleData": "shp:dyn/gex_rex_smack_hands",
        "timerData": "shp:dyn/gex_rex_smack_hands_timer",
        "time": 80
      }
    },
    "fiskheroes:transformation|slam_cannon_toggle": {
      "key": "BUILD_SLAM_CANNON",
      "transformation": {
        "toggleData": "shp:dyn/gex_rex_slam_cannon",
        "timerData": "shp:dyn/gex_rex_slam_cannon_timer",
        "time": 80
      }
    },
    "fiskheroes:transformation|blast_caster_toggle": {
      "key": "BUILD_BLAST_CASTER",
      "transformation": {
        "toggleData": "shp:dyn/gex_rex_blast_caster",
        "timerData": "shp:dyn/gex_rex_blast_caster_timer",
        "time": 80
      }
    },
    "fiskheroes:transformation|rex_ride_toggle": {
      "key": "BUILD_FUN_CHUNKS",
      "transformation": {
        "toggleData": "shp:dyn/gex_rex_fun_chunks",
        "timerData": "shp:dyn/gex_rex_fun_chunks_timer",
        "time": 80
      }
    },
    "fiskheroes:transformation|bad_axes_toggle": {
      "key": "BUILD_BAD_AXES",
      "transformation": {
        "toggleData": "shp:dyn/gex_rex_bad_axes",
        "timerData": "shp:dyn/gex_rex_bad_axes_timer",
        "time": 80
      }
    },
    "fiskheroes:transformation|block_party_toggle": {
      "key": "BUILD_BLOCK_PARTY",
      "transformation": {
        "toggleData": "shp:dyn/gex_rex_block_party",
        "timerData": "shp:dyn/gex_rex_block_party_timer",
        "time": 80
      }
    },
    "fiskheroes:transformation|sky_slyder_toggle": {
      "key": "BUILD_SKY_SLYDER",
      "transformation": {
        "toggleData": "shp:dyn/gex_rex_sky_slyder",
        "timerData": "shp:dyn/gex_rex_sky_slyder_timer",
        "time": 80
      }
    },
    "fiskheroes:teleportation": {
      "canReachMoon": true,
      "range": 90.0,
      "soundEvents": {
        "TELEPORT": "fiskheroes:glow_teleport"
      }
    },
    "fiskheroes:cryo_charge": {},
    "fiskheroes:super_speed": {
      "canUseTreadmill": true
    },
    "fiskheroes:blade": {

    },
    "fiskheroes:repulsor_blast": {
      "damageProfile": {
        "damage": 12.0,
        "types": {
          "FIRE": 1.0
        },
        "properties": {
          "COOK_ENTITY": true,
          "HEAT_TRANSFER": 20,
          "IGNITE": 3
        }
      },
      "isExplosive": true,
      "range": 32.0,
      "cooldownTime": 10,
      "soundEvents": {
        "SHOOT": "fiskheroes:mk50_cannon_shoot"
      }
    },
    "fiskheroes:cooldown": {
      "cooldown": {
        "toggleData": "shp:dyn/gen_rex_nanite",
        "cooldownData": "fiskheroes:dyn/nanite_cooldown",
        "duration": 6000,
        "recovery": 2.5
      },
      "soundEvents": {
        "TIMEOUT": "fiskheroes:mk50_disable"
      }
    },
    "fiskheroes:shield": {
      "shield": {
        "health": 100.0,
        "regeneration": 15.0,
        "recoveryDelay": 100,
        "cooldown": 240
      },
      "coverage": {
        "yawRadius": 180.0,
        "pitchRadius": 180.0,
        "yawOffset": 0.0,
        "pitchOffset": 0.0
      },
      "knockback": 0.0,
      "isToggle": false,
      "soundEvents": {
        "BLOCK_START": "fiskheroes:anti_forcefield",
        "DEFLECT": "fiskheroes:anti_forcefield_deflect"
      }
    },
    "fiskheroes:cooldown|Damaged": {
      "cooldown": {
        "toggleData": "true",
        "cooldownData": "shp:dyn/gen_rex_timer",
        "duration": 400,
        "recovery": 0
      }
    },
    "fiskheroes:cooldown|NotHungry": {
      "cooldown": {
        "toggleData": "false",
        "cooldownData": "shp:dyn/gen_rex_timer",
        "duration": 400,
        "recovery": 1
      }
    },
    "fiskheroes:cooldown|Hungry": {
      "cooldown": {
        "toggleData": "false",
        "cooldownData": "shp:dyn/gen_rex_timer",
        "duration": 400,
        "recovery": 0.4
      }
    },
    "fiskheroes:controlled_flight": {
      "speed": 0.07,
      "boostSpeed": 0.16,
      "canBoost": true,
      "canRoll": true,
      "diveSpeedRetention": 0.5,
      "collision": {
        "blocks": {
          "stopFlying": true,
          "takeDamage": true
        },
        "entities": {
          "stopFlying": false,
          "dealDamage": true
        }
      },
      "knockback": 0.9
    },
    "fiskheroes:telekinesis": {
      "telekinesis": {
        "crushMelons": false,
        "crushThrowables": false,
        "squeezeChickens": false,
        "explodeCreepers": false,
        "destroyInanimates": false
      },
      "canGrab": {
        "mobs": true,
        "items": false,
        "projectiles": false,
        "inanimates": false
      },
      "range": 5.0
    },
    "fiskheroes:cooldown|ForceSentry": {
      "cooldown": {
        "toggleData": "entity.getData('fiskheroes:grab_id') > -1",
        "cooldownData": "shp:dyn/forced_sentry_timer",
        "duration": 5,
        "recovery": 0.1
      }
    },
    "fiskheroes:cooldown|ChargedJump": {
      "cooldown": {
        "toggleData": "entity.getData('shp:dyn/charged_jump')",
        "cooldownData": "shp:dyn/charged_jump_timer",
        "duration": 50,
        "recovery": 1
      }
    },
    "fiskheroes:gravity_manipulation": {
      "affectsUser": true,
      "minGravity": -1,
      "maxGravity": 1,
      "range": 0,
      "radius": 0,
      "soundEvents": {
        "SWITCH": "fiskheroes:gravity_manip_switch",
        "WAVE": "fiskheroes:gravity_manip_wave"
      }
    }
  },
  "hud": [{
      "type": "PROGRESS",
      "texture": "shp:textures/gui/bars/gen_rex_transformation_placeholder.png",
      "data": "entity.getData('shp:dyn/gen_rex_timer') == 0 ? 0.01 : entity.getInterpolatedData('shp:dyn/gen_rex_timer')"
    },
    {
      "type": "CHARGE",
      "texture": "shp:textures/gui/bars/charged_jump_bar.png",
      "data": "entity.getData('shp:dyn/charged_jump_timer') == 0 && entity.getData('shp:dyn/gex_rex_charged_jump') ? 0.01 : entity.getData('shp:dyn/charged_jump_timer')"
    }
  ]
}
