{
  "name": "Phantom Physiology",
  "modifiers": {
    "fiskheroes:sonic_waves": {
      "damageProfile": {
        "damage": 4.5,
        "types": {
          "SOUND": 1.0
        }
      },
      "knockback": 0.025
    },
    "fiskheroes:transformation": {
      "key": "GHOST_TRANSFORM",
      "transformation": {
        "toggleData": "shp:dyn/danny_phantom_transform",
        "timerData": "shp:dyn/danny_phantom_transform_timer",
        "time": 10
      }
    },
    "fiskheroes:cooldown|ghost_transform": {
      "cooldown": {
        "toggleData": "shp:dyn/danny_phantom_transform",
        "cooldownData": "shp:dyn/danny_phantom_transform_cooldown",
        "duration": 6000,
        "recovery": 3.0
      }
    },
    "fiskheroes:energy_projection|ecto": {
      "damageProfile": {
        "damage": 6.5,
        "types": {
          "ENERGY": 1.0
        },
        "properties": {
          "COOK_ENTITY": true,
          "HEAT_TRANSFER": 20
        }
      },
      "range": 45.0,
      "radius": 0.1
    },
    "fiskheroes:charged_beam|cold": {
      "damageProfile": {
        "damage": 3.0,
        "types": {
          "COLD": 2
        }
      },
      "chargeTime": 20,
      "duration": 40,
      "cooldownTime": 40,
      "range": 20.0,
      "radius": 0.1
    },
    "fiskheroes:water_breathing": {},
    "fiskheroes:healing_factor": {
      "delay": 180
    },
    "fiskheroes:intangibility": {
      "isAbsolute": true
    },
    "fiskheroes:invisibility": {},
    "fiskheroes:cooldown|invisibility": {
      "cooldown": {
        "toggleData": "fiskheroes:invisible",
        "cooldownData": "shp:dyn/danny_phantom_invisible_cooldown",
        "duration": 200,
        "recovery": 1
      }
    },
    "fiskheroes:potion_immunity": {
      "potionEffects": ["minecraft:poison"]
    },
    "fiskheroes:damage_immunity|sound": {
      "damageType": "SOUND"
    },
    "fiskheroes:damage_immunity|bullet": {
      "damageType": "BULLET"
    },
    "fiskheroes:projectile_immunity": {},
    "fiskheroes:telekinesis": {
      "telekinesis": {
        "crushMelons": true,
        "crushThrowables": true,
        "squeezeChickens": true,
        "explodeCreepers": true,
        "destroyInanimates": true
      },
      "canGrab": {
        "mobs": true,
        "items": true,
        "projectiles": true,
        "inanimates": true
      },
      "range": 10.0
    },
    "fiskheroes:shield|aim": {
      "shield": {
        "health": 150.0,
        "regeneration": 10.0,
        "recoveryDelay": 120,
        "cooldown": 220
      },
      "coverage": {
        "yawRadius": 180.0,
        "pitchRadius": 180.0,
        "yawOffset": 0.0,
        "pitchOffset": 0.0
      },
      "knockback": 0.0,
      "isToggle": true,
      "soundEvents": {
        "BLOCK_START": "fiskheroes:anti_forcefield",
        "DEFLECT": "fiskheroes:anti_forcefield_deflect"
      }
    },
    "fiskheroes:shield|intangible": {
      "shield": {
        "health": 200.0,
        "regeneration": 200.0,
        "recoveryDelay": 0,
        "cooldown": 0
      },
      "coverage": {
        "yawRadius": 180.0,
        "pitchRadius": 180.0,
        "yawOffset": 0.0,
        "pitchOffset": 0.0
      },
      "knockback": 0.0,
      "isToggle": false
    },
    "fiskheroes:repulsor_blast": {
      "damageProfile": {
        "damage": 8.0,
        "types": {
          "ENERGY": 1.0
        }
      },
      "range": 32.0,
      "cooldownTime": 30
    },
    "fiskheroes:controlled_flight": {
      "speed": 0.07,
      "boostSpeed": 0.16,
      "canBoost": true,
      "collision": {
        "blocks": {
          "stopFlying": false,
          "takeDamage": true
        },
        "entities": {
          "stopFlying": true,
          "dealDamage": true
        }
      },
      "knockback": 0.7
    },
    "fiskheroes:fire_immunity": {
    }
  },
  "hud": [{
      "type": "PROGRESS",
      "texture": "shp:textures/gui/bars/ecto_transformation.png",
      "data": "shp:dyn/danny_phantom_transform_cooldown"
    }, {
      "type": "PROGRESS",
      "texture": "fiskheroes:textures/gui/bars/steel_transformation.png",
      "data": "shp:dyn/danny_phantom_intangible_cooldown"
    }, {
      "type": "PROGRESS",
      "texture": "fiskheroes:textures/gui/bars/steel_transformation.png",
      "data": "shp:dyn/danny_phantom_invisible_cooldown"
    }, {
      "type": "CIRCLE",
      "color": "fiskheroes:charged_beam",
      "data": "fiskheroes:beam_charge"
    }
  ]
}
