{
  "name": "Vibranium Nano Suit",
  "modifiers": {
    "fiskheroes:transformation": {
      "key": "NANITE_TRANSFORM",
      "transformation": {
        "toggleData": "shp:dyn/nanites",
        "timerData": "shp:dyn/nanites_timer",
        "time": 15
      }
    },
    "fiskheroes:cooldown": {
      "cooldown": {
        "toggleData": "shp:dyn/nanites",
        "cooldownData": "shp:dyn/nanite_cooldown",
        "duration": 12000,
        "recovery": 2.0
      }
    },
    "fiskheroes:projectile_immunity": {},
    "fiskheroes:fire_resistance": {
      "duration": 200
    },
    "fiskheroes:damage_resistance|fire": {
      "damageType": "FIRE",
      "factor": 0.5
    },
    "fiskheroes:damage_resistance|explosion": {
      "damageType": "EXPLOSION",
      "factor": 0.5
    },
    "fiskheroes:blade": {},
  "fiskheroes:energy_projection": {
    "damageProfile": {
      "damage": 15.0,
      "types": {
        "ENERGY": 3.0
      },
      "properties": {
        "COOK_ENTITY": true,
        "LIGHTNING_STRIKE": 0.15
      }
    },
    "range": 45.0,
    "radius": 999999999999
  },
    "fiskheroes:transformation|wakanda": {
      "key": "WAKANDA_FOREVER",
      "transformation": {
        "toggleData": "shp:dyn/wakanda_forever",
        "timerData": "shp:dyn/wakanda_forever_timer",
        "time": 5
      },
      "isToggle": false
    },
    "fiskheroes:cooldown|kinectic": {
      "cooldown": {
        "toggleData": "shp:dyn/kinetic_energy",
        "cooldownData": "shp:dyn/kinetic_energy_cooldown",
        "duration": 200,
        "recovery": 2.0
      }
    },
    "fiskheroes:cooldown|kinectic_full": {
      "cooldown": {
        "toggleData": "shp:dyn/kinetic_energy",
        "cooldownData": "shp:dyn/kinetic_energy_cooldown",
        "duration": 200,
        "recovery": 0.5
      }
    },
    "fiskheroes:cooldown|kinectic_use": {
      "cooldown": {
        "toggleData": "shp:dyn/kinetic_energy_use",
        "cooldownData": "shp:dyn/kinetic_energy_use_cooldown",
        "duration": 40,
        "recovery": 100.0
      }
    },
    "fiskheroes:transformation|kinectic_use_transformation": {
      "transformation": {
        "toggleData": "shp:dyn/kinetic_energy_use",
        "timerData": "shp:dyn/kinetic_energy_use_timer",
        "time": 20
      }
    }
  },
  "hud": [{
      "type": "PROGRESS",
      "texture": "shp:textures/gui/bars/kinetic_energy_purple.png",
      "data": "shp:dyn/nanite_cooldown"
    },
    {
      "type": "CHARGE",
      "texture": "shp:textures/gui/bars/charged_jump_bar.png",
      "data": "shp:dyn/kinetic_energy_cooldown"
    }
  ]
}
