{
  "texture": {
    "in": "shp:danny_phantom",
    "transform": [
      {
        "operation": "XOR",
        "supply": "shp:xor/danny_phantom/<TIMER>"
      }
    ],
    "out": "shp:generated/dannyphantom_transform_layer1_<TIMER>"
  },
  "getters": {
    "TIMER": {
      "key": "entity.isDisplayStand() || entity.isBookPlayer() ? 19 : entity.isWearingFullSuit() ? Math.ceil(19 * entity.getInterpolatedData('shp:dyn/danny_phantom_transform_timer')) | 0 : 0",
      "values": {
        "min": 0,
        "max": 19
      }
    }
  },
  "isDynamic": true
}
