{
  "texture": {
    "in": "shp:quantum_suit_mask",
    "transform": [
      {
        "operation": "XOR",
        "supply": "shp:xor/qr_mask/<TIMER>"
      }
    ],
    "out": "fiskheroes:generated/shp:qr_mask_mask<TIMER>"
  },
  "getters": {
    "TIMER": {
      "key": "Math.ceil(30 * (entity.getData('fiskheroes:mask_open_timer') > 0 ?  1 + (0 - 1) * entity.getInterpolatedData('fiskheroes:mask_open_timer2'): entity.getInterpolatedData('shp:dyn/suit_timer_two'))) | 0",
      "values": {
        "min": 0,
        "max": 30
      }
    }
  },
  "isDynamic": true
}
