{
  "name": "StellarHeroes",
  "watermark": "&b&LSHP",
  "domain": "shp",
  "packFormat": 1,
  "sounds": {
    "download": {
      "repository": "TheTammy/StellarSounds",
      "version": 0
    }
  },
  "dataVars": {
    "suit": "BOOLEAN",
    "suit_timer": "FLOAT_INTERP",
    "suit_timer_two": "FLOAT_INTERP",
    "suit_cooldown": "FLOAT",
    "invisible_cooldown": "FLOAT",
    "danny_phantom_transform": "BOOLEAN",
    "health_lose":  { "type": "FLOAT", "resetWithoutSuit": true },
    "health_lose_timer":  { "type": "INTEGER", "resetWithoutSuit": true },
    "health_lose_boolean":  { "type": "INTEGER", "resetWithoutSuit": true },
    "integer": "INTEGER",
    "boolean": "BOOLEAN",
    "boolean_reset": { "type": "BOOLEAN", "resetWithoutSuit": true },
    "another_boolean_reset": { "type": "BOOLEAN", "resetWithoutSuit": true },
    "grab_id": { "type": "INTEGER", "resetWithoutSuit": true },
    "float_reset": { "type": "FLOAT", "resetWithoutSuit": true },
    "float_interp_reset": { "type": "FLOAT_INTERP", "resetWithoutSuit": true },

    "gen_rex_keybind_cycler": "INTEGER",
    "gen_rex_keybind_cycle": "BOOLEAN",
    "gen_rex_nanite": "BOOLEAN",
    "gen_rex_timer": "FLOAT",
    "gen_rex_timer_second": { "type": "FLOAT", "resetWithoutSuit": true },
    "gen_rex": "BOOLEAN",
    "gen_rex_goggles": { "type": "FLOAT_INTERP", "resetWithoutSuit": true },

    "gex_rex_blade": "BOOLEAN",
    "gex_rex_blade_timer": "FLOAT_INTERP",
    "gex_rex_charged_jump": "BOOLEAN",
    "gex_rex_charged_jump_timer": "FLOAT_INTERP",
    "gex_rex_smack_hands": "BOOLEAN",
    "gex_rex_smack_hands_timer": "FLOAT_INTERP",
    "gex_rex_slam_cannon": "BOOLEAN",
    "gex_rex_slam_cannon_timer": "FLOAT_INTERP",
    "gex_rex_ride": "BOOLEAN",
    "gex_rex_ride_timer": "FLOAT_INTERP",
    "gex_rex_blast_caster": "BOOLEAN",
    "gex_rex_blast_caster_timer": "FLOAT_INTERP",
    "gex_rex_fun_chunks": "BOOLEAN",
    "gex_rex_fun_chunks_timer": "FLOAT_INTERP",
    "gex_rex_bad_axes": "BOOLEAN",
    "gex_rex_bad_axes_timer": "FLOAT_INTERP",
    "gex_rex_block_party": "BOOLEAN",
    "gex_rex_block_party_timer": "FLOAT_INTERP",
    "gex_rex_sky_slyder": "BOOLEAN",
    "gex_rex_sky_slyder_timer": "FLOAT_INTERP",

    "danny_phantom_transform_timer": "FLOAT_INTERP",
    "danny_phantom_transformed_timer": "FLOAT_INTERP",
    "danny_phantom_transform_cooldown": "FLOAT",
    "danny_phantom_invisible_cooldown": "FLOAT",
    "danny_phantom_intangible_cooldown": "FLOAT",
    "danny_phantom_select": "INTEGER",
    "danny_phantom_repulse": "BOOLEAN",
    "danny_phantom_repulse_timer": "FLOAT_INTERP",
    "danny_phantom_repulse_cooldown": "FLOAT",
    "wasp_flap": "FLOAT_INTERP",
    "cyclops_death": "FLOAT_INTERP",
    "cyclops_cooldown": "FLOAT_INTERP",
    "qr_leave": "BOOLEAN",
    "forced_sentry": "BOOLEAN",
    "forced_sentry_timer": "FLOAT_INTERP",
    "charged_jump": "BOOLEAN",
    "charged_jump_timer": "FLOAT_INTERP",
    "charged_jump_complete": "BOOLEAN",
    "charged_jump_visual": "BOOLEAN",
    "charged_jump_visual_timer": "FLOAT_INTERP",
    
    "invisible_float": { "type": "FLOAT", "resetWithoutSuit": true},
    "invisible_timer": { "type": "FLOAT_INTERP", "resetWithoutSuit": true},
    "invisible_float_test": { "type": "FLOAT", "resetWithoutSuit": true },
    "invisible": { "type": "BOOLEAN", "resetWithoutSuit": true },
    "invisible_opacity":  { "type": "BOOLEAN", "resetWithoutSuit": true },
    "cape_float": { "type": "FLOAT_INTERP", "resetWithoutSuit": true },
    "teleport": { "type": "BOOLEAN", "resetWithoutSuit": true },

    "symbiosis": "BOOLEAN",
    "symbiosis_timer": "FLOAT_INTERP",
    "symbiosis_stages": "INTEGER",
    "symbiosis_stage_2_timer": "INTEGER",
    "symbiosis_stage_3_timer": "INTEGER",
    "symbiote_dying": "INTEGER",

    "scare_timer": "INTEGER",
    "scare_choose": "INTEGER",
    "scare_in_use": "INTEGER",

    "health_flicker": "BOOLEAN",
    "health_flicker_used": "BOOLEAN",
    "health_flicker_cooldown": "FLOAT",
    "health_flicker_health": "FLOAT",
    "health_flicker_regen": "BOOLEAN",
    "health_flicker_regen_cooldown": "FLOAT",

    "choose_flight": {"type": "INTEGER", "resetWithoutSuit": true },
    "recall": { "type": "BOOLEAN", "resetWithoutSuit": true },
    "recall_timer": { "type": "FLOAT_INTERP", "resetWithoutSuit": true },
    "recall_load": { "type": "BOOLEAN", "resetWithoutSuit": true },
    "recall_load_timer": { "type": "FLOAT_INTERP", "resetWithoutSuit": true },
    "recall_cooldown": "BOOLEAN",
    "recall_cooldown_timer": "FLOAT",

    "lexmech": "BOOLEAN",
    "lexmech_timer": "FLOAT",
    "lexmech_cooldown": "FLOAT",

    "teleporter": { "type": "BOOLEAN", "resetWithoutSuit": true },

    "1boolean_reset": { "type": "BOOLEAN", "resetWithoutSuit": true },
    "2boolean_reset": { "type": "BOOLEAN", "resetWithoutSuit": true },
    "3boolean_reset": { "type": "BOOLEAN", "resetWithoutSuit": true },
    "4boolean_reset": { "type": "BOOLEAN", "resetWithoutSuit": true },
    "5boolean_reset": { "type": "BOOLEAN", "resetWithoutSuit": true },
    "6boolean_reset": { "type": "BOOLEAN", "resetWithoutSuit": true },
    "1float_reset": { "type": "FLOAT", "resetWithoutSuit": true },
    "2float_reset": { "type": "FLOAT", "resetWithoutSuit": true },
    "3float_reset": { "type": "FLOAT", "resetWithoutSuit": true },
    "1float_interp_reset": { "type": "FLOAT_INTERP", "resetWithoutSuit": true },
    "2float_interp_reset": { "type": "FLOAT_INTERP", "resetWithoutSuit": true },
    "1integer_reset": { "type": "INTEGER", "resetWithoutSuit": true },
    "2integer_reset": { "type": "INTEGER", "resetWithoutSuit": true },
    "3integer_reset": { "type": "INTEGER", "resetWithoutSuit": true },
    "4integer_reset": { "type": "INTEGER", "resetWithoutSuit": true },
    "5integer_reset": { "type": "INTEGER", "resetWithoutSuit": true },
    "6integer_reset": { "type": "INTEGER", "resetWithoutSuit": true },
    "7integer_reset": { "type": "INTEGER", "resetWithoutSuit": true },
    "nanites": "BOOLEAN",
    "nanites_timer": "FLOAT",
    "nanite_cooldown": "FLOAT",
    "wakanda_forever": "BOOLEAN",
    "wakanda_forever_timer": "FLOAT_INTERP",
    "wakanda_forever_cooldown": "FLOAT",
    "kinetic_energy": { "type": "BOOLEAN", "resetWithoutSuit": true },
    "kinetic_energy_use": { "type": "BOOLEAN", "resetWithoutSuit": true },
    "kinetic_energy_cooldown": { "type": "FLOAT", "resetWithoutSuit": true },
    "kinetic_energy_use_cooldown": { "type": "FLOAT", "resetWithoutSuit": true },
    "kinetic_energy_use_timer": { "type": "FLOAT_INTERP", "resetWithoutSuit": true }

  },
  "alts": {
    "shp:spider_man_unlimited": {
      "$DEFAULT": {
        "maskToggleTicks": 3
      },
      "shaded": {
        "name": "Shaded",
        "maskToggleTicks": 3
      }
    },
    "shp:quantum_suit": {
      "$DEFAULT": {
        "maskToggleTicks": 5
      }
    }
  }
}
